{
  "Projeto 2" : {
    "transaction" : "Projeto 2",
    "sampleCount" : 1,
    "errorCount" : 0,
    "errorPct" : 0.0,
    "meanResTime" : 36.0,
    "medianResTime" : 36.0,
    "minResTime" : 36.0,
    "maxResTime" : 36.0,
    "pct1ResTime" : 36.0,
    "pct2ResTime" : 36.0,
    "pct3ResTime" : 36.0,
    "throughput" : 27.777777777777775,
    "receivedKBytesPerSec" : 646.8912760416667,
    "sentKBytesPerSec" : 11.338975694444445
  },
  "Total" : {
    "transaction" : "Total",
    "sampleCount" : 6,
    "errorCount" : 0,
    "errorPct" : 0.0,
    "meanResTime" : 249.83333333333331,
    "medianResTime" : 43.0,
    "minResTime" : 36.0,
    "maxResTime" : 1253.0,
    "pct1ResTime" : 1253.0,
    "pct2ResTime" : 1253.0,
    "pct3ResTime" : 1253.0,
    "throughput" : 0.206996481059822,
    "receivedKBytesPerSec" : 4.876074333298834,
    "sentKBytesPerSec" : 0.08298052292486027
  },
  "Projeto 1" : {
    "transaction" : "Projeto 1",
    "sampleCount" : 1,
    "errorCount" : 0,
    "errorPct" : 0.0,
    "meanResTime" : 41.0,
    "medianResTime" : 41.0,
    "minResTime" : 41.0,
    "maxResTime" : 41.0,
    "pct1ResTime" : 41.0,
    "pct2ResTime" : 41.0,
    "pct3ResTime" : 41.0,
    "throughput" : 24.390243902439025,
    "receivedKBytesPerSec" : 568.0020960365854,
    "sentKBytesPerSec" : 9.956173780487804
  },
  "Fluxo Completo" : {
    "transaction" : "Fluxo Completo",
    "sampleCount" : 1,
    "errorCount" : 0,
    "errorPct" : 0.0,
    "meanResTime" : 1340.0,
    "medianResTime" : 1340.0,
    "minResTime" : 1340.0,
    "maxResTime" : 1340.0,
    "pct1ResTime" : 1340.0,
    "pct2ResTime" : 1340.0,
    "pct3ResTime" : 1340.0,
    "throughput" : 0.746268656716418,
    "receivedKBytesPerSec" : 35.95936333955223,
    "sentKBytesPerSec" : 0.5764633861940298
  },
  "Login" : {
    "transaction" : "Login",
    "sampleCount" : 1,
    "errorCount" : 0,
    "errorPct" : 0.0,
    "meanResTime" : 1253.0,
    "medianResTime" : 1253.0,
    "minResTime" : 1253.0,
    "maxResTime" : 1253.0,
    "pct1ResTime" : 1253.0,
    "pct2ResTime" : 1253.0,
    "pct3ResTime" : 1253.0,
    "throughput" : 0.7980845969672786,
    "receivedKBytesPerSec" : 19.878853252194734,
    "sentKBytesPerSec" : 0.2992817238627295
  },
  "/1822" : {
    "transaction" : "/1822",
    "sampleCount" : 1,
    "errorCount" : 0,
    "errorPct" : 0.0,
    "meanResTime" : 87.0,
    "medianResTime" : 87.0,
    "minResTime" : 87.0,
    "maxResTime" : 87.0,
    "pct1ResTime" : 87.0,
    "pct2ResTime" : 87.0,
    "pct3ResTime" : 87.0,
    "throughput" : 11.494252873563218,
    "receivedKBytesPerSec" : 267.55567528735634,
    "sentKBytesPerSec" : 4.568516522988506
  },
  "Etapa 2" : {
    "transaction" : "Etapa 2",
    "sampleCount" : 1,
    "errorCount" : 0,
    "errorPct" : 0.0,
    "meanResTime" : 37.0,
    "medianResTime" : 37.0,
    "minResTime" : 37.0,
    "maxResTime" : 37.0,
    "pct1ResTime" : 37.0,
    "pct2ResTime" : 37.0,
    "pct3ResTime" : 37.0,
    "throughput" : 27.027027027027028,
    "receivedKBytesPerSec" : 629.4077280405405,
    "sentKBytesPerSec" : 11.032516891891893
  },
  "Etapa 1" : {
    "transaction" : "Etapa 1",
    "sampleCount" : 1,
    "errorCount" : 0,
    "errorPct" : 0.0,
    "meanResTime" : 45.0,
    "medianResTime" : 45.0,
    "minResTime" : 45.0,
    "maxResTime" : 45.0,
    "pct1ResTime" : 45.0,
    "pct2ResTime" : 45.0,
    "pct3ResTime" : 45.0,
    "throughput" : 22.22222222222222,
    "receivedKBytesPerSec" : 517.5130208333334,
    "sentKBytesPerSec" : 9.071180555555555
  }
}