{
  "Etapa" : {
    "transaction" : "Etapa",
    "sampleCount" : 30,
    "errorCount" : 0,
    "errorPct" : 0.0,
    "meanResTime" : 37.666666666666664,
    "medianResTime" : 37.0,
    "minResTime" : 33.0,
    "maxResTime" : 49.0,
    "pct1ResTime" : 43.900000000000006,
    "pct2ResTime" : 46.8,
    "pct3ResTime" : 49.0,
    "throughput" : 1.0345541071798054,
    "receivedKBytesPerSec" : 24.092784954996894,
    "sentKBytesPerSec" : 0.4223082195323815
  },
  "Projeto 2" : {
    "transaction" : "Projeto 2",
    "sampleCount" : 30,
    "errorCount" : 0,
    "errorPct" : 0.0,
    "meanResTime" : 36.3,
    "medianResTime" : 36.0,
    "minResTime" : 34.0,
    "maxResTime" : 42.0,
    "pct1ResTime" : 38.0,
    "pct2ResTime" : 40.9,
    "pct3ResTime" : 42.0,
    "throughput" : 1.0349467002449375,
    "receivedKBytesPerSec" : 24.101927696036157,
    "sentKBytesPerSec" : 0.42246847724842174
  },
  "Total" : {
    "transaction" : "Total",
    "sampleCount" : 180,
    "errorCount" : 0,
    "errorPct" : 0.0,
    "meanResTime" : 52.07777777777778,
    "medianResTime" : 38.0,
    "minResTime" : 33.0,
    "maxResTime" : 132.0,
    "pct1ResTime" : 83.0,
    "pct2ResTime" : 83.0,
    "pct3ResTime" : 101.21999999999991,
    "throughput" : 3.170577045022194,
    "receivedKBytesPerSec" : 74.68711193458043,
    "sentKBytesPerSec" : 1.271017457989854
  },
  "Fluxo Completo" : {
    "transaction" : "Fluxo Completo",
    "sampleCount" : 30,
    "errorCount" : 0,
    "errorPct" : 0.0,
    "meanResTime" : 312.4666666666667,
    "medianResTime" : 309.5,
    "minResTime" : 301.0,
    "maxResTime" : 376.0,
    "pct1ResTime" : 319.9,
    "pct2ResTime" : 349.59999999999997,
    "pct3ResTime" : 376.0,
    "throughput" : 1.023681157442162,
    "receivedKBytesPerSec" : 144.68493546543368,
    "sentKBytesPerSec" : 2.4622330964648875
  },
  "Login" : {
    "transaction" : "Login",
    "sampleCount" : 30,
    "errorCount" : 0,
    "errorPct" : 0.0,
    "meanResTime" : 84.4,
    "medianResTime" : 82.5,
    "minResTime" : 77.0,
    "maxResTime" : 132.0,
    "pct1ResTime" : 89.9,
    "pct2ResTime" : 111.09999999999997,
    "pct3ResTime" : 132.0,
    "throughput" : 1.0316723408645414,
    "receivedKBytesPerSec" : 25.697104224698236,
    "sentKBytesPerSec" : 0.386877127824203
  },
  "/1822" : {
    "transaction" : "/1822",
    "sampleCount" : 30,
    "errorCount" : 0,
    "errorPct" : 0.0,
    "meanResTime" : 79.7,
    "medianResTime" : 79.0,
    "minResTime" : 75.0,
    "maxResTime" : 85.0,
    "pct1ResTime" : 83.0,
    "pct2ResTime" : 84.45,
    "pct3ResTime" : 85.0,
    "throughput" : 1.0334493093113784,
    "receivedKBytesPerSec" : 24.055954821041027,
    "sentKBytesPerSec" : 0.4107557313376279
  },
  "Projeto" : {
    "transaction" : "Projeto",
    "sampleCount" : 30,
    "errorCount" : 0,
    "errorPct" : 0.0,
    "meanResTime" : 37.8,
    "medianResTime" : 37.5,
    "minResTime" : 33.0,
    "maxResTime" : 48.0,
    "pct1ResTime" : 41.900000000000006,
    "pct2ResTime" : 45.8,
    "pct3ResTime" : 48.0,
    "throughput" : 1.0347325216431553,
    "receivedKBytesPerSec" : 24.09693988635188,
    "sentKBytesPerSec" : 0.4223810488738661
  },
  "Etapa 2" : {
    "transaction" : "Etapa 2",
    "sampleCount" : 30,
    "errorCount" : 0,
    "errorPct" : 0.0,
    "meanResTime" : 36.599999999999994,
    "medianResTime" : 36.0,
    "minResTime" : 33.0,
    "maxResTime" : 49.0,
    "pct1ResTime" : 39.800000000000004,
    "pct2ResTime" : 44.599999999999994,
    "pct3ResTime" : 49.0,
    "throughput" : 1.034589785150188,
    "receivedKBytesPerSec" : 24.093615826637237,
    "sentKBytesPerSec" : 0.4223227833913853
  }
}